,0
0,signal.json
1,musik-sammler.json
2,whatismyip-com.json
3,email-cz.json
4,upcloud.json
5,customink.json
6,brilliant.json
7,pure.json
8,zenimaxmediainc-.json
9,qwant.json
10,virtbiz.json
11,any-do.json
12,visible.json
13,sprint.json
14,stackoverflow.json
15,symantec.json
16,gitlab.json
17,airbnb.json
18,websaver.json
19,mcdonald's.json
20,kitsu.json
21,meetup.json
22,weebly.json
23,pexgle.json
24,apple.json
25,web-de.json
26,dr-mcdougall'shealth&medicalcenter.json
27,newegg-com.json
28,yelp.json
29,carfax.json
30,jetbrains.json
31,diytubevideocommunity.json
32,windowslogicproductions.json
33,virgin.json
34,discogs.json
35,digitaladvertisingplatform|reklamstore.json
36,cnn.json
37,forbes.json
38,npm.json
39,w3schools.json
40,etesync.json
41,librarything.json
42,wikimedia.json
43,algolia.json
44,imdb.json
45,freecodecamp.json
46,steam.json
47,crunchyroll.json
48,reputation.com.json
49,coursehero.json
50,vox.json
51,osu!.json
52,nordvpn.json
53,myspace.json
54,tellonym.json
55,goguardian.json
56,quora.json
57,lastpass.json
58,mewe.json
59,chilliapps-abandonmentprotector.json
60,ancestry.json
61,pythonanywhere.json
62,sonic-net.json
63,wikia.json
64,allrecipes.json
65,kongregate.json
66,moddb-com.json
67,amnestyinternationallimited(uk).json
68,lootcrate.json
69,todoist.json
70,tiktok.json
71,cloudsight.json
72,protonmail.json
73,riseup-net.json
74,discord.json
75,furaffinity.json
76,roblox.json
77,gog-com.json
78,cityofreading.json
79,amazon.json
80,indeed.com.json
81,instagram.json
82,mega.json
83,researchgate.json
84,patreon.json
85,rainforestalliance.json
86,livearchivistblog.json
87,bit-ly.json
88,inruptinc.json
89,bing.json
90,speaky.json
91,tvtropes.json
92,bitchute.json
93,miicharacters.json
94,ccleaner.json
95,ryver.json
96,heretechnologies|here.json
97,apple-icloud.json
98,paypal-com.json
99,nickwasused-com.json
100,duolingo.json
101,pornhub.json
102,vimeo.json
103,startpage.json
104,paypal.json
105,web&seodesigners.json
106,academia-edu.json
107,hackernews.json
108,mastodon-social.json
109,brainly.json
110,pixelcatproductionsjbauth.json
111,dictionary.json
112,isodme.json
113,parsec.json
114,intuitivepassword.json
115,yase.json
116,fwg1240.json
117,dictionary-com.json
118,mailinator.json
119,stackexchange.json
120,openweathermap.json
121,jobvite.json
122,openstreetmap.json
123,techsmith|screencast-com.json
124,bbc.json
125,socialblade.json
126,urban-dictionary.json
127,500px.json
128,huntandjump-stablemanaginggame.json
129,colloq-io.json
130,nationalgeographic.json
131,skype.json
132,ifttt.json
133,internetarchive.json
134,medium.json
135,minecraft.json
136,nanowrimo.json
137,duckduckgo.json
138,searchencrypt.json
139,lichess.json
140,itch-io.json
141,readthedocscommunity.json
142,uiiverse.json
143,grammarly.json
144,expobeds.json
145,theguardian.json
146,cnet.json
147,foxnews.json
148,roboform.json
149,flickr.json
150,snopes.json
151,uber.json
152,twitch.json
153,spielaffe.json
154,anki.json
155,goodreads.json
156,posteo.json
157,snapchat.json
158,skycloud.json
159,travelzoo.json
160,brave.json
161,spotify.json
162,fotocommunity.json
163,frontendmasters.json
164,pepper&carrot.json
165,discovery.json
166,threemaweb.json
167,tinder.json
168,letsencrypt.json
169,getrentback.json
170,spideroak.json
171,dailymotion.json
172,liamrosenfeld-com.json
173,groupon.json
174,bitbucket.json
175,etsy.json
176,uphold.json
177,crowdmark.json
178,shapeshift.json
179,akamai.json
180,creditkarma.json
181,humblebundle.json
182,youtube.json
183,jagex.json
184,fastmail.json
185,biblegateway.json
186,tumblr.json
187,cloudflare.json
188,couchsurfing.json
189,opentradestatistics.json
190,vinted.json
191,amazonaws.json
192,toptree-cc.json
193,bumble.json
194,attainbyaetna.json
195,wikihow.json
196,disqus.json
197,bitsoffreedom.json
198,osmand.json
199,arc-games.json
200,shmoop.json
201,1password.json
202,intercom.json
203,blendswap.json
204,icann.json
205,loom.json
206,yahoo.json
207,albine.json
208,massdrop.json
209,nabucasa.json
210,nexon.json
211,indiegogo.json
212,pocket.json
213,epicgames.json
214,offtopical-netpodcast.json
215,lydia.json
216,istudiez.json
217,netflix.json
218,trello.json
219,habbo.json
220,irecommend-ru.json
221,hq.json
222,zappos.json
223,shortcutworld-com.json
224,directly-cxautomation;expertsattheheartofai.json
225,herbalife.json
226,lagirafeextraordinaire.json
227,idka.json
228,zoosk.json
229,420a3-com.json
230,ikeausa.json
231,wordpress-com.json
232,khanacademy.json
233,boingo.json
234,packvel.json
235,nytimes.json
236,newyorktimes.json
237,grabcraft.json
238,musicbrainz.json
239,blogspot.json
240,expertsattheheartofai.json
241,repl-it.json
242,ebird.json
243,freesteamkeys.json
244,wanikani.json
245,quake.json
246,remove-bg.json
247,kjvpce.json
248,bluestacks.json
249,overleaf.json
250,kolabnow.json
251,avaaz.json
252,fireapps.json
253,tapas.json
254,inaturalist.json
255,sony.json
256,whatsapp.json
257,cloudant.json
258,tutanota.json
259,yr.json
260,freeforums.json
261,facebook.json
262,microsoft-store.json
263,ctrlaltdev.json
264,craigslist.json
265,betterhelp.json
266,thumbzilla.json
267,wikipedia.json
268,crowdin.json
269,honeypot.json
270,spinonline.json
271,dnd5e-info.json
272,vudu.json
273,ask.json
274,jstor.json
275,pole-emotion.json
276,enpass.json
277,tunnelbear.json
278,fiverr.json
279,devsoap.json
280,webmd.json
281,10minutemail.json
282,newgrounds.json
283,shopify.json
284,ello.json
285,bittorrent.json
286,wizardsofthecoast.json
287,jonhosting.json
288,microsoft.json
289,quizlet.json
290,cengage.json
291,blendermarket.json
292,eyewire.json
293,nabble.json
294,spigotmc.json
295,uswarrantservice.json
296,sourcehut.json
297,observable.json
298,delicious.json
299,kahoot!.json
300,scratch.json
301,evaneos.json
302,thehelloworldcollection.json
303,wugtodon.json
304,werk32-net.json
305,rampow.json
306,harpermacawshop.json
307,fakku.json
308,softpedia.json
309,mysudo.json
310,dashlane.json
311,xvideos.json
312,gravatar.json
313,faceapp.json
314,niche.json
315,coursera.json
316,packagetrackr.json
317,dropbox.json
318,discoursehosting.json
319,openwrtforum.json
320,whirlpool.json
321,yakka.json
322,mrichard333.json
323,envato.json
324,abc-australia.json
325,mozilla-org.json
326,tacticaltech.json
327,famileo.json
328,tosdr.json
329,github.json
330,witches-livemastodon.json
331,patook.json
332,twitter.json
333,mullvad.json
334,gab.json
335,netsymstechnologies.json
336,coinbaseâ€“.json
337,hp-67.json
338,mailfence.json
339,campusinnovationskultur.json
340,ankiweb.json
341,ironhorsegames.json
342,evernote.json
343,ebay.json
344,slack.json
345,privacytoolsio.json
346,flattr.json
347,wattpad.json
348,nrc.json
349,upakka.json
350,reddit.json
351,gov-uk.json
352,kink-com.json
353,bitwarden.json
354,feedly.json
355,google.json
356,myanimelist.json
357,ecosia.json
358,minds.json
359,livejournal.json
360,soundcloud.json
361,infosechandbook.json
362,linewebtoon.json
363,redbubble.json
364,privacyinternational.json
365,plexsolutions.json
366,icepop.json
367,godaddy.json
368,imgur.json
369,royalsocietyofchemistrypublications.json
370,scrubly.json
371,pinterest.json
372,linkedin.json
373,tartle.json
374,projectgutenberg.json
375,setlisting.json
376,slither-io.json
377,alignable.json
378,masonbee.json
379,seenthis.json
380,speedtestbyookla.json
381,pixabay.json
382,roll20.json
383,strava.json
384,presearch.json
385,rabbit.json
386,openhumans.json
387,nvidia.json
388,mailchimp.json
389,olx.json
390,wire.json
391,walmart.json
392,mint.com.json
393,deviantart.json
394,xing.json
395,healthline.json
396,goodtodo.json
397,huawei.json
398,billiger-de.json
399,openbookpublishers.json
400,medtinker.json
401,sonicdrive-in.json
402,tos;dr.json
